step,S,plaq_Z,plaq_U,Pol_re,Pol_im,accU,accZ
10,,0.19983238329287836,0.15221110938081878,1.1099557349473486,1.7013761276565842e-14,0.810546875,0.349609375
20,,0.20124121059975178,0.1546750496965469,1.118448952465851,1.1992251809644916e-14,0.81640625,0.328125
30,,0.19969533024774205,0.15369860902266522,1.1173171753075752,8.827479220686885e-15,0.8203125,0.3544921875
40,,0.1998679581189608,0.16171514124133543,1.1891809833355993,5.0562852516033985e-15,0.810546875,0.3779296875
50,,0.1991682807861356,0.15863756362824522,1.094191752397746,7.756382341961299e-15,0.7890625,0.3515625
60,,0.20101782990805267,0.15628791070946205,1.082668115882973,1.08827877265405e-14,0.796875,0.3564453125
70,,0.2022239716651383,0.15887932069844757,1.060214574468221,1.5037829922265322e-14,0.779296875,0.349609375
80,,0.2011028552210511,0.15843711655803414,1.0868862583920347,2.9189216148306496e-14,0.78515625,0.33984375
90,,0.20188124781757932,0.16274362445402152,1.0442551984902742,3.87738886137301e-14,0.80078125,0.3427734375
100,,0.20273119711137436,0.16262562177031625,1.0971540787873284,2.4369286970304938e-14,0.80078125,0.35546875
110,,0.20163858375396967,0.16321715689396607,1.116234133509316,1.154107462809223e-14,0.759765625,0.34375
120,,0.20226060142504676,0.16529884537075842,1.0111515879700355,1.4471361392195958e-14,0.818359375,0.3505859375
130,,0.19968979180331942,0.16467782579377288,1.042197998028461,2.375270119481243e-14,0.78125,0.3642578125
140,,0.20021273702805747,0.1640278658861812,1.089547296652697,2.453582042399871e-14,0.8125,0.3779296875
150,,0.2009369317094992,0.1645598269415693,1.0533402464154469,2.0045732651921555e-14,0.810546875,0.3330078125
160,,0.20072484825506584,0.16807040387767558,1.051387783752356,-8.590567493471646e-15,0.787109375,0.3466796875
170,,0.20093429891114645,0.16801519736272577,1.089760217953992,5.049942668894358e-15,0.828125,0.3369140625
180,,0.19988913074939138,0.16898568102357214,1.078680947668208,1.75319828099596e-14,0.818359375,0.3583984375
190,,0.19660577561673512,0.1669252598924642,1.1301149657370297,2.8721166070444504e-14,0.79296875,0.35546875
200,,0.1997786963571025,0.16434837521657672,1.1637328633134982,2.051597823918283e-14,0.79296875,0.3564453125
210,,0.19825126034696788,0.1620984648637129,1.1113158860999721,2.240379106191459e-14,0.7890625,0.3603515625
220,,0.20139755558025726,0.16467252186032472,1.2240094179784247,2.70684082787076e-14,0.76953125,0.3349609375
230,,0.2002751789232624,0.1542988021298816,1.1430000238359657,2.0999044517133747e-14,0.794921875,0.3515625
240,,0.20302624922447413,0.15887386743074705,1.163982421910409,2.2764559334809142e-14,0.787109375,0.36328125
250,,0.2054582253976596,0.15482886479656102,1.1302168980401006,1.7015306264661634e-14,0.763671875,0.3671875
260,,0.20483256044140657,0.1539593632882652,1.162012073390522,1.9580267718614583e-14,0.77734375,0.3642578125
270,,0.20300485030031462,0.15198369247521432,1.2048162207621091,2.0478844314775202e-14,0.794921875,0.34375
280,,0.20319514464891952,0.15576608707411582,1.1671514445795197,2.8354380475492658e-14,0.802734375,0.3583984375
290,,0.20366706326662368,0.15540926989623,1.1325852017997164,2.9940066810334176e-14,0.748046875,0.3720703125
300,,0.20310710572022866,0.15376975846279878,1.1207510650160697,3.4974844201340893e-14,0.79296875,0.3369140625
310,,0.20017381933661849,0.1511785957162628,1.1324352402409719,3.130850613486391e-14,0.779296875,0.3388671875
320,,0.20114508067690345,0.15455101120708167,1.1439778413447392,3.1966267875988344e-14,0.794921875,0.3525390625
330,,0.20089332532082405,0.15158653499341956,1.22017643445721,3.2139221839422305e-14,0.818359375,0.359375
340,,0.20136548370779128,0.15569825629986922,1.1874588900901788,2.9502550576154807e-14,0.76953125,0.3515625
350,,0.20123371566790893,0.15426935886505053,1.19213850080537,2.697198204799217e-14,0.794921875,0.3349609375
360,,0.2024537507473796,0.15632345755929647,1.1194142209225515,3.3369194993998486e-14,0.794921875,0.3564453125
370,,0.2036000905696068,0.1572741864580933,1.1366674562883938,2.7597227888337406e-14,0.78515625,0.33984375
380,,0.20295767744314222,0.15482894343958356,1.1310328782225585,2.4528231008791312e-14,0.8203125,0.3544921875
390,,0.2039061810971589,0.15341025569198127,1.1849676539424137,2.575031659256266e-14,0.8359375,0.34375
400,,0.20205647134212595,0.156472867601915,1.1014645126110418,2.7915522541124838e-14,0.79296875,0.3740234375
410,,0.20100441810584285,0.15891686660054077,1.1625430785750739,2.6729296944208447e-14,0.7578125,0.3828125
420,,0.19984825934385356,0.15464481279965575,1.1413044290104288,2.579031010020022e-14,0.810546875,0.3876953125
430,,0.19908653059698572,0.15897506243474435,1.0991815454388918,3.250946332879895e-14,0.76953125,0.3525390625
440,,0.1999776552515594,0.15520800884564032,1.120458316994402,2.884232566321976e-14,0.775390625,0.3408203125
450,,0.2022116165627558,0.15697348633055094,1.1484055403760665,2.5024212845121963e-14,0.794921875,0.3671875
460,,0.20139551750064025,0.15975178719920657,1.2313134773983978,2.627881094154072e-14,0.779296875,0.359375
470,,0.201632184209642,0.15854967848220838,1.2151194842175181,1.441468472362928e-14,0.79296875,0.3408203125
480,,0.20361910264682223,0.16081266503993494,1.2635333217166371,2.1312758415742428e-14,0.794921875,0.3447265625
490,,0.20296261047020983,0.16006369865888406,1.1958701301303252,1.6261731544675584e-14,0.79296875,0.3544921875
500,,0.20188730728331422,0.1574465101693322,1.115936516904323,1.4718044491490723e-14,0.7734375,0.337890625
510,,0.2024146499871056,0.15880773485502508,1.096399375255293,1.5134866016702775e-14,0.755859375,0.369140625
520,,0.1993002207619017,0.1600843235131837,1.1224016794147071,2.6906753734790012e-14,0.77734375,0.34375
530,,0.20274277928087103,0.15910540720472166,1.135655672797101,2.3888443306807616e-14,0.78125,0.3525390625
540,,0.20401213088102912,0.1568106655482949,1.0365752153753691,2.801014628572851e-14,0.806640625,0.3447265625
550,,0.20155013671170477,0.16284061378952283,1.143276252773638,3.2075687592114654e-14,0.810546875,0.3369140625
560,,0.20253035853522283,0.16332481671442986,1.166082676717024,2.886704547275243e-14,0.791015625,0.3583984375
570,,0.20031854028517876,0.16208385070947584,1.143888172528752,2.3660679535422724e-14,0.806640625,0.3603515625
580,,0.2023146136163932,0.16549080289128348,1.0568698489373969,2.2416693067767168e-14,0.79296875,0.3828125
590,,0.20086608909708123,0.16126418240148077,1.1261638873182966,2.885311347483599e-14,0.79296875,0.3408203125
600,,0.20101490452008008,0.16248313236656847,1.2046392440267464,3.1852775625451635e-14,0.79296875,0.3603515625
610,,0.20145575221468315,0.1641517905332752,1.270432545791742,2.0035459836337255e-14,0.771484375,0.3896484375
620,,0.2000654110077465,0.15770941517609197,1.13443862469625,2.8419269975515915e-14,0.779296875,0.3701171875
630,,0.20213407452210555,0.16265446578212675,1.1691543739792956,3.495879800918811e-14,0.783203125,0.3623046875
640,,0.20109084041902267,0.16209973948071815,1.1174972788643935,3.607552624684818e-14,0.7734375,0.3662109375
650,,0.2029432623931296,0.1609612822852349,1.2182797608110614,2.62231642650379e-14,0.810546875,0.357421875
660,,0.20421355535135138,0.1563714297787534,1.2562830369046591,3.0941070018608574e-14,0.798828125,0.361328125
670,,0.20134459954080924,0.15331976653899818,1.2701652867004976,2.8529479126349067e-14,0.80859375,0.375
680,,0.20061519049389995,0.15077252961191526,1.1594064277604894,2.027924269482062e-14,0.78125,0.3408203125
690,,0.2042343715060607,0.15054379461628636,1.1890903939051316,2.1365938532302842e-14,0.80078125,0.357421875
700,,0.2027879090327248,0.15315002864899468,1.2148598042890832,2.744118409066243e-14,0.810546875,0.3671875
710,,0.20253840695552616,0.15245620861318468,1.1889947969711636,2.9571126363564515e-14,0.810546875,0.3447265625
720,,0.20184553438237943,0.15665268459589993,1.1495596930422962,2.179690889586583e-14,0.8125,0.359375
730,,0.203902175923913,0.16125002195331148,1.2405754735752081,1.849058016076266e-14,0.794921875,0.3642578125
740,,0.20314660263330553,0.15885768049746773,1.1478438853739295,2.010045775657776e-14,0.771484375,0.361328125
750,,0.20179391396963967,0.16279883674643386,1.176886586265096,2.431125504902265e-14,0.771484375,0.3369140625
760,,0.19970515110989676,0.1592133871059752,1.127230158524666,1.9400930514890113e-14,0.814453125,0.359375
770,,0.19968197316530395,0.16091589960535577,1.1077348145774377,2.659835242682651e-14,0.783203125,0.3623046875
780,,0.20161288398589494,0.15919124037720753,1.1257021239646854,3.391576841420274e-14,0.828125,0.333984375
790,,0.20094817332904366,0.16323348334069035,1.105714968488505,3.111441361719827e-14,0.7734375,0.3515625
800,,0.19955460523023788,0.15809574934916112,1.1629382794828143,2.8523624434617645e-14,0.76171875,0.3740234375
810,,0.20121842036323376,0.15653508799644963,1.1245873508475355,2.848345474412706e-14,0.77734375,0.376953125
820,,0.20081849541807656,0.15473541143039435,1.1783057714641478,3.498964356099532e-14,0.806640625,0.330078125
830,,0.2014531219914663,0.1550341249787464,1.130227874134789,2.7277279827236933e-14,0.810546875,0.3271484375
840,,0.20284292901328566,0.1527813921762419,1.1310302513408508,3.583857386205147e-14,0.80078125,0.341796875
850,,0.20405799913912492,0.15250330700276943,1.1924122116049494,3.0801858459661435e-14,0.765625,0.3525390625
860,,0.20223145596656558,0.1530169364626206,1.128123188323739,3.590129495772976e-14,0.7578125,0.3837890625
870,,0.2047307566046365,0.15050262537261339,1.16116659572948,3.214450732501317e-14,0.78515625,0.380859375
880,,0.19983534059025468,0.1549498806900235,1.1416543270040451,3.4008115334244193e-14,0.8046875,0.369140625
890,,0.20255671091440777,0.15536018936595913,1.147086202251429,3.0548846330184787e-14,0.810546875,0.326171875
900,,0.20463212628523508,0.1504617564459405,1.0986607643092676,4.024515096179293e-14,0.794921875,0.3642578125
910,,0.20257185708610725,0.1508953841411083,1.1859811351874348,2.762224585346751e-14,0.76171875,0.3359375
920,,0.202670210215212,0.1474980033572068,1.197662086965535,2.6164346297180563e-14,0.7734375,0.365234375
930,,0.20129998246838718,0.15090642098228807,1.1730255030105703,3.4795679792337664e-14,0.80859375,0.3388671875
940,,0.20206815262021657,0.15448035921002787,1.0173291987515583,2.3986970179232237e-14,0.783203125,0.3310546875
950,,0.2036337958370864,0.1524877362954102,1.0116950688613007,2.6638576327425723e-14,0.837890625,0.3564453125
960,,0.20248568056278443,0.15483936081734465,1.1601745808236723,2.7039785341353983e-14,0.7734375,0.3388671875
970,,0.20567634373442834,0.15541913386124634,1.130978801850539,1.9062036020825457e-14,0.78515625,0.36328125
980,,0.20477300828837774,0.14999399252163123,1.1385357738359052,2.26311482574848e-14,0.82421875,0.3486328125
990,,0.20421801050896088,0.145425841332992,1.1759346936743262,1.29321466729726e-14,0.7890625,0.3408203125
1000,,0.20569020336011834,0.14541046444361108,1.0865810178727633,9.461507098629252e-15,0.77734375,0.3740234375
1010,,0.20282112006042843,0.1508618523295852,1.1657707755204905,1.9412775423624518e-14,0.787109375,0.3564453125
1020,,0.2028631225192057,0.15125722686413998,1.1141205479998402,1.6360773413132135e-14,0.7734375,0.3447265625
1030,,0.2042971496558081,0.151367153226758,1.1198752866120223,1.5665257719482684e-14,0.8203125,0.357421875
1040,,0.20441261795165752,0.15269677502146006,1.10936914526313,1.7319682472059783e-14,0.783203125,0.357421875
1050,,0.20390606764625666,0.15060749108408572,1.0201718299854687,1.8354350157789856e-14,0.830078125,0.3642578125
1060,,0.20384340124675837,0.14414785542525294,1.0917012463875926,2.349552843949887e-14,0.791015625,0.3212890625
1070,,0.2020529214292861,0.14648878408205981,1.0391212765016598,3.209037853155183e-14,0.810546875,0.337890625
1080,,0.20084878258955519,0.1503371055236184,1.096687196944534,2.2436046076546035e-14,0.771484375,0.341796875
1090,,0.2015901906589383,0.15147801977242217,1.0859042672269517,2.8402302211516517e-14,0.7578125,0.3583984375
1100,,0.20158739455265273,0.15167785526157854,1.0674979568361709,2.0209691125455675e-14,0.798828125,0.3359375
1110,,0.2017986490382435,0.14626649997556326,1.0423026518725704,2.7032466976689706e-14,0.7890625,0.357421875
1120,,0.2045369284320751,0.14652152259271595,1.0753707927434708,3.4856489981686944e-14,0.810546875,0.3544921875
1130,,0.20471987516686574,0.15032099656644377,1.047282216988013,1.7278821602684236e-14,0.7734375,0.3466796875
1140,,0.2024351219533905,0.14871950786424673,1.0488920929016627,2.3326609741025628e-14,0.77734375,0.3603515625
1150,,0.20164350625460592,0.15127229616373764,1.103838134687488,2.1005116049299666e-14,0.796875,0.3623046875
1160,,0.20361097774611436,0.14968138021774655,1.1020696199051765,1.698874331143574e-14,0.7734375,0.3798828125
1170,,0.20240473257158006,0.14828632063764627,1.0894599678572043,2.2455670135868022e-14,0.81640625,0.3486328125
1180,,0.20459757052525274,0.14970559529946711,1.1264760885118226,1.8668822997919277e-14,0.783203125,0.357421875
1190,,0.20531367205713982,0.14751005501709732,1.173561210296077,2.052549211324639e-14,0.810546875,0.3369140625
1200,,0.204805445329296,0.14246935822179851,1.239267419819774,1.7921807701076764e-14,0.830078125,0.3466796875
1210,,0.20391311122656852,0.1443799252315863,1.151218560283257,1.8494591708800856e-14,0.802734375,0.3251953125
1220,,0.2041296800882745,0.14507748720187377,1.196873349666614,1.6208144852300488e-14,0.81640625,0.3583984375
1230,,0.2026549540403929,0.14256785814802814,1.2847681277093248,3.0117374523117024e-14,0.80859375,0.3564453125
1240,,0.20332808673673908,0.13946657410548033,1.1882403425222068,2.0608840155256214e-14,0.779296875,0.333984375
1250,,0.2025171427381774,0.13690232750813858,1.1640127167101566,1.4470954816381276e-14,0.79296875,0.3583984375
1260,,0.2051144135786476,0.14167693696234496,1.146034329518983,6.558609991907938e-15,0.79296875,0.3291015625
1270,,0.2046775957459698,0.140977668876143,1.1381601245140462,1.3837238646563499e-14,0.798828125,0.373046875
1280,,0.2031284405250606,0.14148914860572043,1.130620281856167,1.723816402121603e-14,0.8125,0.34765625
1290,,0.20350484611214414,0.14047071820380222,1.0975469513691751,1.9223663459688733e-14,0.771484375,0.376953125
1300,,0.2045293323468861,0.1425807397999126,1.1246138685455382,1.9544262042092697e-14,0.7890625,0.3408203125
1310,,0.20233955974869935,0.14518840417133794,1.1189329978333988,2.3115081897173706e-14,0.7890625,0.353515625
1320,,0.20160225500270376,0.1440550079231924,1.1407295983642531,2.883218837290702e-14,0.810546875,0.3349609375
1330,,0.2020991012753833,0.14930825412861817,1.1017574576345084,2.0723223484453435e-14,0.80859375,0.36328125
1340,,0.20103299535443558,0.14262354827055573,1.053296699260249,1.219684075959293e-14,0.796875,0.3603515625
1350,,0.19988883499065666,0.14502312058103628,1.096037822093251,1.5511355221098366e-14,0.78125,0.3447265625
1360,,0.19954457590168603,0.145678099819719,1.1253411687925017,1.2649224116062507e-14,0.828125,0.341796875
1370,,0.20172106830618736,0.14441885222272954,1.1298999523537874,2.7531891154917998e-14,0.794921875,0.3701171875
1380,,0.2012701932138946,0.14470167261653794,1.1929286205185614,2.4401325144501884e-14,0.796875,0.3515625
1390,,0.2003543603402714,0.1418636572140138,1.1205224691957552,2.4642397497554036e-14,0.822265625,0.3671875
1400,,0.20066969377568988,0.13956236680918,1.226994793771125,8.517383846828874e-15,0.76953125,0.357421875
1410,,0.20239121693063736,0.13925622858627143,1.1082487502521563,1.587028712656327e-14,0.8203125,0.365234375
1420,,0.20509559939337724,0.14456537008003129,1.0845808259666516,1.88199472282366e-14,0.796875,0.34765625
1430,,0.20462031291043972,0.1499870970419292,1.1575736161283134,2.3141536430182352e-14,0.76171875,0.34765625
1440,,0.20160707720588028,0.149917890471094,1.102496832136771,1.9739635273574585e-14,0.78515625,0.3818359375
1450,,0.20352508363119673,0.1519021287322437,1.097330120636746,1.63839211295147e-14,0.783203125,0.359375
1460,,0.20239463474988004,0.1457419879922123,1.1001553875015815,1.482844337770406e-14,0.79296875,0.37109375
1470,,0.20361428516708163,0.14217533497673854,1.1708647443844018,1.845610253167762e-14,0.779296875,0.36328125
1480,,0.20205858148984338,0.1464000537929738,1.236958649153536,1.8762877536382394e-14,0.79296875,0.361328125
1490,,0.204867526292562,0.14738047738019996,1.1233358780580835,1.5531467171397972e-14,0.826171875,0.359375
1500,,0.20045510862347757,0.14496507676758752,1.0875681058974982,1.9261583430671414e-14,0.814453125,0.359375
1510,,0.2015264187724063,0.143739261352887,1.1101593058251937,3.2160038521134027e-14,0.822265625,0.369140625
1520,,0.20192751644153117,0.14378652233141864,1.0744821052524223,3.4856286693779603e-14,0.8046875,0.3427734375
1530,,0.20180731708360256,0.14289296446500024,1.1112591793113031,3.026431102254312e-14,0.796875,0.3671875
1540,,0.20146053300443015,0.140481275263875,1.1691262860312253,2.470950961203089e-14,0.794921875,0.3330078125
1550,,0.20197233009011376,0.13761641719408776,1.1952412145126,2.881543744934212e-14,0.798828125,0.345703125
1560,,0.20384292505908447,0.1395154792509529,1.0925518294053458,3.744007599608412e-14,0.794921875,0.3466796875
1570,,0.20160704515952976,0.13633789986726683,1.1757981894290028,3.2611283465322494e-14,0.82421875,0.3408203125
1580,,0.20344422403186765,0.13785345185731995,1.1281138415863639,2.569171546513982e-14,0.791015625,0.337890625
1590,,0.19854860573190772,0.1389697079714114,1.1666939004011774,2.6320688250452973e-14,0.796875,0.3388671875
1600,,0.19970395754694148,0.13766115714150795,1.2030204268067717,3.633053059781677e-14,0.802734375,0.3447265625
1610,,0.20159908431321785,0.14035493649523578,1.1845870670355068,2.3261015509590255e-14,0.796875,0.3564453125
1620,,0.2013121062703977,0.14300527097726135,1.0482164576977564,3.698511765945489e-14,0.80078125,0.3671875
1630,,0.2016168856907907,0.14130366046995665,1.0939101353633376,3.326462369446226e-14,0.796875,0.3525390625
1640,,0.20184117630828202,0.1466039147508508,0.9992305192276932,4.041645490504564e-14,0.810546875,0.326171875
1650,,0.20239190068313057,0.14385497259132032,1.118339624628988,3.6647009211965287e-14,0.8046875,0.3798828125
1660,,0.20315929299420568,0.13740146294397512,1.0663105421591068,3.2454494278653934e-14,0.8046875,0.3603515625
1670,,0.2031858111014654,0.13859691651334008,1.0371051490510017,2.8176462898987786e-14,0.80859375,0.359375
1680,,0.20354572477815214,0.1382420024683967,1.1199686661220343,2.2827768321465047e-14,0.828125,0.3125
1690,,0.20336145154031215,0.13724086706091343,1.051476291627748,1.8539450573687444e-14,0.794921875,0.369140625
1700,,0.2014701731562889,0.13500269041994997,1.0948390151499472,1.9185987434194862e-14,0.814453125,0.3359375
1710,,0.20280884475113203,0.13604402519147446,1.0833208130529075,1.798376985523431e-14,0.787109375,0.34765625
1720,,0.20119688366353752,0.13674826334786455,1.1087428282029517,5.856318034680452e-15,0.78515625,0.341796875
1730,,0.20147509882512488,0.137076905651158,1.1570181408110032,1.0485644470759059e-14,0.810546875,0.337890625
1740,,0.20445594095870545,0.13934860261549498,1.1014187640535023,1.3657288190985217e-14,0.810546875,0.3603515625
1750,,0.20050210740664018,0.1374233244835265,1.0748783574174163,1.1364119281015439e-14,0.802734375,0.3515625
1760,,0.20061887042666926,0.137762233548078,1.0155447708458718,2.1660191001915408e-14,0.78125,0.3134765625
1770,,0.20264834581460547,0.134033891234382,1.1234090219034685,9.807204961326255e-15,0.798828125,0.3447265625
1780,,0.20359100432056726,0.13482342736286348,1.1120598289854624,4.801850106775363e-15,0.783203125,0.3251953125
1790,,0.201690666364422,0.1359298556497893,1.108548500749783,-1.9318314309346718e-15,0.802734375,0.33984375
1800,,0.20159521845776454,0.13836097201928596,1.1272347620021952,-2.7845022294858968e-15,0.814453125,0.3505859375
1810,,0.2012651289963333,0.13478393657832313,1.1147104199648217,1.7478423222638817e-15,0.791015625,0.361328125
1820,,0.2009834577652766,0.13809151689490848,1.0827223688057566,3.5472926679380734e-15,0.798828125,0.330078125
1830,,0.20263932735034432,0.1319493222477905,1.0467951374672195,-7.62223942817053e-15,0.80859375,0.361328125
1840,,0.2057231117748481,0.13398818385015096,0.996443557581808,-9.459907900424835e-15,0.80078125,0.3525390625
1850,,0.20087210113522228,0.13333195631827044,1.0351347200595435,4.0875506104876e-15,0.79296875,0.3642578125
1860,,0.20093486998013638,0.13560772335605142,1.1135965502818348,1.4012770978288902e-15,0.78125,0.3564453125
1870,,0.20186680561505155,0.13165556262978065,1.061877737978647,7.144567056027729e-15,0.75390625,0.3447265625
1880,,0.19789525507506367,0.12852270978438182,1.1436322027161274,7.81625740693681e-15,0.77734375,0.3486328125
1890,,0.19960730875726754,0.12746178186503693,1.0474009558641824,9.082903699997313e-16,0.787109375,0.32421875
1900,,0.20148456202517911,0.13349218151111936,1.099762077489617,1.6535167332576428e-15,0.806640625,0.353515625
1910,,0.20018995080960025,0.13519184909878398,1.1049689575288726,1.829042288719468e-15,0.76171875,0.353515625
1920,,0.20183702627925224,0.1359639580547167,1.1730034806181746,3.514481999693231e-15,0.787109375,0.3623046875
1930,,0.2026790199750451,0.13056651538914762,1.1882404309502521,-1.3535830442612529e-14,0.80859375,0.33984375
1940,,0.20451390145028242,0.1377068115658492,1.0794845084697107,3.3481247288524862e-15,0.828125,0.35546875
1950,,0.2056972965274041,0.1355557990510261,1.1351300519837972,1.456598513679963e-15,0.787109375,0.3544921875
1960,,0.20455248509891732,0.13681115403856334,1.1467816800871296,2.329733628236852e-15,0.830078125,0.369140625
1970,,0.20266385266188797,0.13605807579056878,1.0759151502346933,3.886756368143285e-15,0.763671875,0.3759765625
1980,,0.20194483256976062,0.1384283902372837,1.0447013247665469,3.5949975635274356e-15,0.796875,0.357421875
1990,,0.2012502415523555,0.13467086944383697,1.024351066156006,1.217870747825811e-14,0.77734375,0.3291015625
2000,,0.20234540639322116,0.13777848146442284,1.0051591379482085,1.509447948577769e-14,0.814453125,0.353515625
2010,,0.20212656285368874,0.1292996150644417,0.9761095610923789,1.849475433912673e-14,0.80859375,0.345703125
2020,,0.20373130547276608,0.122695906910093,1.0154198429066064,2.7920184610466525e-14,0.798828125,0.3623046875
2030,,0.20266485719060495,0.12572024638509935,1.0387786960745817,2.3070643160628956e-14,0.78125,0.333984375
2040,,0.20309913798288817,0.1274407162041304,1.0711860881315438,1.0006210270085969e-14,0.80078125,0.3427734375
2050,,0.20098064854796494,0.12686900798417805,1.0475808706149374,2.1121613572733233e-14,0.7890625,0.3408203125
2060,,0.20141234818709897,0.13116745250393144,1.0092321543263791,2.616114790077173e-14,0.79296875,0.3642578125
2070,,0.20212025606429262,0.13366351541006272,1.013817368266288,2.7991714848796256e-14,0.794921875,0.3447265625
2080,,0.20557153114432603,0.13158787995836466,1.033694294200314,2.0444366685690163e-14,0.796875,0.3212890625
2090,,0.20045255465183223,0.12481138637170681,1.0091509050957315,3.228992594139779e-14,0.8125,0.3359375
2100,,0.20407658046392332,0.1264251499256568,1.0447569169652502,2.976351803907207e-14,0.77734375,0.3662109375
2110,,0.2025996109492657,0.12438165733353365,0.9871908208787737,3.9675511140369046e-14,0.814453125,0.30859375
2120,,0.20465166373292668,0.13225950047869203,1.0227787324029483,3.8930664247871505e-14,0.82421875,0.369140625
2130,,0.2005962584701373,0.1322317742260029,1.0110379855064668,3.142007053841267e-14,0.775390625,0.3447265625
2140,,0.20333994585643853,0.12735566009083282,0.9957241133237276,2.942565353707127e-14,0.806640625,0.3271484375
2150,,0.20151144826643547,0.12840025113925363,1.007683342898053,3.4870381322021915e-14,0.796875,0.3408203125
2160,,0.20064066944994324,0.12934383031764182,1.0157315611946172,3.876575709743646e-14,0.798828125,0.3427734375
2170,,0.20054861380900943,0.12680035502683698,1.1109531777575348,3.1836295752429855e-14,0.76953125,0.3623046875
2180,,0.2014910578841235,0.12858296525346474,1.115932267326286,3.1719256127910045e-14,0.8125,0.3203125
2190,,0.19988762623243486,0.1306871720053024,1.1035945391634956,2.373733262901745e-14,0.80859375,0.318359375
2200,,0.20080305929122313,0.13268676777216093,1.159973845860694,2.5794199675494012e-14,0.796875,0.3447265625
2210,,0.2025737744495181,0.12910839147801578,1.0859274842803555,3.40994593672761e-14,0.8203125,0.3623046875
2220,,0.20294738593154293,0.129961038941435,1.091179035367989,3.6175056006282347e-14,0.78515625,0.3427734375
2230,,0.2014534913029777,0.13040342496197857,1.0720715833414627,3.296566849792654e-14,0.802734375,0.3681640625
2240,,0.20187519856992533,0.12840719255660732,1.1561487191744781,1.9323464269666024e-14,0.8203125,0.345703125
2250,,0.201394311718185,0.13147585431803968,1.055413667071266,1.608820498696928e-14,0.849609375,0.3544921875
2260,,0.20129857446742494,0.13274482943982938,1.1069005921940733,1.8390345669916375e-14,0.775390625,0.3427734375
2270,,0.19935104880467827,0.13269380453318164,1.0845586643005922,2.442230445653948e-14,0.814453125,0.341796875
2280,,0.20236428549802654,0.1330962781086299,1.118458036950735,2.104105735131756e-14,0.798828125,0.3564453125
2290,,0.20056039906676398,0.13214893155322854,1.0654821924353224,1.8678201346711276e-14,0.787109375,0.36328125
2300,,0.19922673804773058,0.12456927830325117,1.124843168765506,7.962272334516296e-15,0.79296875,0.3564453125
2310,,0.200891267219703,0.12106601451574985,1.1360324045759758,1.9765114024627994e-14,0.802734375,0.349609375
2320,,0.20267434725621472,0.1228871287729167,1.2023354591874582,2.3450805099883842e-14,0.806640625,0.33203125
2330,,0.20355192416197387,0.1246839186011995,1.185255041590995,2.271116237781423e-14,0.8125,0.359375
2340,,0.20333178476583383,0.12527748852431145,1.244110679237044,1.3040458470003902e-14,0.76171875,0.3505859375
2350,,0.201575298144952,0.11935301103532704,1.1380814793747285,9.312226012005154e-15,0.798828125,0.3544921875
2360,,0.1998914412108536,0.11688841090854991,1.0642524415694214,6.3094061225621445e-15,0.80859375,0.3701171875
2370,,0.20162888382017716,0.11236998368033323,1.177032389339737,-5.686328686561881e-15,0.806640625,0.3623046875
2380,,0.20349961453739426,0.11006282615732961,1.264810488288771,-2.193156680568853e-14,0.791015625,0.3662109375
2390,,0.20361690744998268,0.11264692997167124,1.1438677410000577,-7.97956535916744e-15,0.814453125,0.333984375
2400,,0.20334364768758356,0.11988431424514524,1.1995932835543979,-1.2812288122804327e-14,0.78515625,0.322265625
2410,,0.202949778429162,0.12466342741255074,1.1305441203500455,-7.0945040207132104e-15,0.794921875,0.3486328125
2420,,0.20380327605226245,0.1271979211317088,1.137430827185579,-6.229744367938772e-15,0.806640625,0.35546875
2430,,0.19939898726198219,0.12621366605361667,1.090699927270706,-1.4728886513215578e-14,0.80078125,0.3525390625
2440,,0.20259924130203447,0.1222788473742804,1.1649018240000557,-3.046282844032522e-15,0.787109375,0.3408203125
2450,,0.2011081376640679,0.12237748399496202,1.1122024750846655,-1.0049957827745759e-14,0.78125,0.3671875
2460,,0.20326202926467948,0.12651245518815118,1.1498957079595984,-1.698481307856048e-14,0.828125,0.3798828125
2470,,0.2039492999669702,0.12293449612236365,1.1782647488650664,-7.095615327940008e-15,0.775390625,0.375
2480,,0.20442460126226553,0.12065343381768838,1.2017030859184576,-1.4425635165571382e-14,0.841796875,0.3583984375
2490,,0.20491147026763196,0.11862283476198232,1.1591700745738764,-4.0947063448260046e-15,0.796875,0.326171875
2500,,0.20347197427442906,0.12514385854692742,1.1048105516305524,-1.1066343154342295e-14,0.7890625,0.357421875
2510,,0.20657225056539213,0.12411200731131194,1.1099514090602325,-1.8673268226826467e-14,0.791015625,0.34765625
2520,,0.2068942803069765,0.12685843959064128,1.091471378780158,-6.907939931882767e-15,0.783203125,0.33203125
2530,,0.20388125518833436,0.12227015848639765,1.1659113356612933,-6.138969541047423e-15,0.810546875,0.353515625
2540,,0.20231695969482966,0.12152072783584662,1.0869237548320876,-1.087240649073895e-14,0.806640625,0.357421875
2550,,0.2038559600645554,0.12316274847782062,1.1050855031250828,-6.259424402410563e-15,0.78515625,0.34765625
2560,,0.20388326135127874,0.11943447121144206,1.1262428789009544,-1.1114156470148906e-15,0.75,0.3291015625
2570,,0.2025659615255249,0.11485895746725819,1.123071946115077,-1.626143338907815e-14,0.779296875,0.376953125
2580,,0.20020700162058688,0.11114522924576586,1.0112698399199445,1.9317230107174233e-15,0.794921875,0.33203125
2590,,0.20118903384699416,0.11512345959773809,1.0273430544643072,7.194711406505183e-15,0.7890625,0.349609375
2600,,0.2027487367660274,0.11241723835182112,1.0492483156820762,1.2112544040682183e-14,0.771484375,0.33984375
2610,,0.20110778440334148,0.11293330993407438,1.0572224394123855,1.989706142901948e-14,0.787109375,0.3544921875
2620,,0.2026501129673871,0.11139292689366091,1.1652372237065698,9.556368012458155e-15,0.78515625,0.3359375
2630,,0.20515751583149108,0.11551493778630442,1.0746870944163414,2.1741072483982826e-14,0.814453125,0.3359375
2640,,0.20595128770272825,0.11703568965224677,1.0951958184629254,1.689745348851246e-14,0.796875,0.333984375
2650,,0.20427509058449378,0.11533862077808033,1.0801497168189444,1.7624763410870048e-14,0.77734375,0.3603515625
2660,,0.2059940408175038,0.11865617548454524,1.1819574502057035,5.201893603368202e-15,0.796875,0.37890625
2670,,0.20399207586051668,0.12362294496339954,1.1734908138851703,-2.23283305907096e-15,0.787109375,0.341796875
2680,,0.19913298266660676,0.11773410353666555,1.0695149640022563,-7.639939028636356e-15,0.759765625,0.3310546875
2690,,0.20316639787156995,0.11414981572560594,1.0773407322735378,-1.4070071063104761e-14,0.841796875,0.3828125
2700,,0.2049470554563828,0.11455432743312229,1.083291747268669,-1.2060339706077006e-14,0.775390625,0.34765625
2710,,0.2053272488481677,0.1114827985507438,1.0276419323147197,-1.2841724211787309e-14,0.818359375,0.375
2720,,0.20125752581263193,0.11699772257430971,1.0126584430225976,-1.9830274575194373e-14,0.763671875,0.3701171875
2730,,0.20022794322031992,0.12023845522156423,1.044418638028168,-2.4188442047934355e-14,0.822265625,0.375
2740,,0.20416454177438295,0.11796315236130908,0.9803091665251211,-2.822836907799553e-14,0.802734375,0.3662109375
2750,,0.20024805609793678,0.12011524609779034,0.9546454960235642,-2.2617216259568362e-14,0.78125,0.3408203125
2760,,0.20087031641532146,0.1253904555758044,1.0419369854172693,-1.7421882079343698e-14,0.810546875,0.361328125
2770,,0.2007378241598716,0.12561056619591943,1.0564446031807708,-1.5844042657725543e-14,0.794921875,0.3330078125
2780,,0.20152404371397056,0.12168759676665623,1.007238120551167,-1.7983471699636877e-14,0.78125,0.349609375
2790,,0.19908243898171119,0.1202157534249487,1.0223402905895493,-1.0422056013342784e-14,0.794921875,0.3798828125
2800,,0.20084979143518997,0.11263651713044903,1.090872143353859,-1.7399208701411595e-14,0.81640625,0.3427734375
2810,,0.2034265212395649,0.11712567910297075,1.021646401852577,-1.8758608490328232e-14,0.837890625,0.3212890625
2820,,0.20270101841918026,0.11692161721846785,1.0706070930025506,-1.6528662119541515e-14,0.78515625,0.349609375
2830,,0.20257633891487467,0.11736108226059783,1.0817532792374567,-1.3056450452048063e-14,0.802734375,0.3623046875
2840,,0.20190187531576484,0.11688289567560613,1.0068645188352947,-1.3312159534428769e-14,0.7890625,0.3603515625
2850,,0.20261419914324555,0.11796762802270383,1.0062198948685714,-5.0482079454183815e-15,0.78125,0.3369140625
2860,,0.2011063029872799,0.11847669958332085,1.0029475576510134,-1.4662668865531026e-14,0.8125,0.3623046875
2870,,0.20365410648983864,0.11761065370481225,0.9862141338550063,-1.0390885200883826e-14,0.791015625,0.359375
2880,,0.20166750817438073,0.12089565078733311,1.0432309034044884,-1.0011197600079402e-14,0.83203125,0.357421875
2890,,0.20066081241488953,0.11820267314895894,1.0077220507843196,-1.805437852171743e-14,0.771484375,0.36328125
2900,,0.201503279622305,0.12073989061397312,0.9639992052772048,-1.2987115723117615e-14,0.802734375,0.34375
2910,,0.20123237922198733,0.1219756755094364,1.098218420087133,2.942904166886029e-15,0.7890625,0.3681640625
2920,,0.20144972390319058,0.11577802281805971,1.047755250826229,-7.010451247291272e-15,0.791015625,0.3466796875
2930,,0.20123141667006827,0.10968928158375327,0.982026973758865,-1.4140164733555949e-15,0.8046875,0.359375
2940,,0.19697459081515048,0.1102363808452296,1.0066989546448546,6.033476669664584e-15,0.775390625,0.34765625
2950,,0.19935567437861088,0.11167040671150504,1.091865562682008,5.950616518632379e-15,0.791015625,0.3369140625
2960,,0.19957113529287732,0.10894050519031652,1.036544930959149,2.1502439585818767e-16,0.77734375,0.359375
2970,,0.1999701062987508,0.11366392356955968,1.1151046587167701,4.286176448486945e-15,0.78125,0.341796875
2980,,0.1965321436303868,0.10790626081076442,1.0189704973357505,8.233864978723915e-15,0.8046875,0.32421875
2990,,0.19802177791192652,0.1114411564703958,1.0565121003501519,7.945684041277268e-15,0.80078125,0.3349609375
3000,,0.19668945743626554,0.11018200174145407,1.1301662874601288,1.647114519429116e-14,0.8125,0.345703125
3010,,0.19828930442968742,0.11194579129967734,1.0989550793527652,2.955480912086861e-15,0.771484375,0.359375
3020,,0.19701370818646718,0.11121164714052667,1.09434745585722,7.521842306998372e-15,0.810546875,0.3525390625
3030,,0.19788272135604,0.11680555459255426,1.0509400717945685,-2.4131087753009872e-15,0.763671875,0.349609375
3040,,0.1978646053415802,0.11802851172045269,1.0897041691945795,-5.8561825094088915e-15,0.7734375,0.3671875
3050,,0.19880021821215021,0.11297839566890151,1.1106716383232031,-4.092971621350028e-15,0.744140625,0.3828125
3060,,0.19853821298404675,0.11145042903548681,1.1053645847224478,6.149432092011908e-15,0.78125,0.359375
3070,,0.1995561446065568,0.11513070396250981,1.147830074568323,8.698947053138728e-15,0.796875,0.3466796875
3080,,0.19968595287190016,0.11357796542136986,1.1267108471094183,1.1397566918036617e-14,0.783203125,0.328125
3090,,0.19941207761524102,0.11704510743629938,1.1274217595636262,1.01123536627723e-14,0.837890625,0.34765625
3100,,0.19896236102146508,0.11679316736882785,1.0525496417086238,1.3175929531455965e-14,0.775390625,0.34375
3110,,0.19659220985564008,0.11850896639534395,1.0073200423003326,1.3910503608369207e-14,0.8203125,0.3759765625
3120,,0.19975032588766492,0.11842427345918535,1.0787244411108987,2.849768489764093e-14,0.822265625,0.3701171875
3130,,0.20071047753393037,0.12384758886632036,1.068246602053781,2.3193578134461657e-14,0.783203125,0.3701171875
3140,,0.20043007788872932,0.12330531130538801,1.0057127757116842,2.5731261739381228e-14,0.78515625,0.359375
3150,,0.20302496753092197,0.12182647965549649,1.0795570340616296,2.7507835419215976e-14,0.796875,0.380859375
3160,,0.20141149622429733,0.1280191109846411,1.1237291987255948,1.5937148519287736e-14,0.7890625,0.3349609375
3170,,0.20389334194762265,0.11965564861400454,1.0045919121032618,2.5251556488165017e-14,0.796875,0.3623046875
3180,,0.20427883385980436,0.11925341983063407,1.0147847352493546,1.7176472917601604e-14,0.80859375,0.3681640625
3190,,0.2003124342562196,0.11995079883181355,0.9515059342295318,2.1933138898838633e-14,0.8203125,0.36328125
3200,,0.20260703136349456,0.1254521156316981,0.9661999836552522,8.479951766823812e-15,0.802734375,0.3359375
3210,,0.20347623644177767,0.12775354388385582,1.0165826590113054,1.4628326761717547e-14,0.8046875,0.3603515625
3220,,0.20023145144503376,0.1226244602333814,1.0227898890919958,2.7316500840826596e-14,0.828125,0.3720703125
3230,,0.2004216649680165,0.12531119198156113,1.0450592319182819,3.3066268907006036e-14,0.814453125,0.33984375
3240,,0.20224321163810746,0.12432885316882421,1.0462073075239733,2.323456097658161e-14,0.751953125,0.34765625
3250,,0.20214560266421575,0.12268446056219137,1.0448214843965986,2.4208364262853777e-14,0.814453125,0.337890625
3260,,0.20150025236630528,0.12001540704570617,1.029588286223479,1.5015766408055242e-14,0.796875,0.3662109375
3270,,0.20069874328362777,0.11971880532832578,1.0881909435476202,1.2704518426859268e-14,0.79296875,0.3466796875
3280,,0.2005873780855556,0.1177268755937953,0.9720101186542484,1.513429681056222e-14,0.802734375,0.35546875
3290,,0.20326116143470438,0.11950477884479774,1.006310674942916,1.0881920364802511e-14,0.814453125,0.3447265625
3300,,0.2038632037726036,0.1144896659024555,1.0045899518239854,5.2934273717802904e-15,0.798828125,0.3564453125
3310,,0.20327610442436939,0.11445183667299133,1.05164371335392,-1.1886650518044828e-15,0.80859375,0.341796875
3320,,0.20468110533404335,0.11586480002452569,1.145249133069066,-3.996640258324691e-15,0.810546875,0.33984375
3330,,0.2026073222358961,0.11918190805174694,0.9611061569134731,4.206216538266139e-15,0.765625,0.3525390625
3340,,0.20376365951040376,0.11596993258318287,1.091129523881493,-6.097146442243795e-15,0.77734375,0.337890625
3350,,0.203027974330468,0.11514119392803926,1.0379904923651533,1.6475671738361286e-15,0.79296875,0.3408203125
3360,,0.2042319262685058,0.12147198296382854,1.044631480318947,1.1242309166936693e-14,0.8359375,0.3564453125
3370,,0.20228381639023693,0.11823655516249126,1.1796564976134474,1.532270404308589e-14,0.794921875,0.3525390625
3380,,0.20274123413250383,0.11706353170958446,1.0670168154284847,8.758239359446529e-15,0.771484375,0.3701171875
3390,,0.20275821679761147,0.11850902754826642,1.0100157771198344,6.217709723824183e-15,0.794921875,0.3564453125
3400,,0.19991558135227414,0.11445161280115453,1.0453188609393744,7.356637000965893e-15,0.80859375,0.341796875
3410,,0.1999833018380627,0.11664113984065265,1.0236723009230786,5.402687845712517e-15,0.787109375,0.3408203125
3420,,0.20397374950134262,0.11769409893644371,1.0109461408809206,1.009473537746941e-14,0.8046875,0.341796875
3430,,0.20324964839800724,0.11968869214725576,1.0464440019483063,1.2938001364704022e-14,0.787109375,0.34765625
3440,,0.20239191110053487,0.12095423036244532,1.0150906307638856,1.0502151448835151e-14,0.79296875,0.34765625
3450,,0.20328733432783663,0.12219345823270276,1.0457792470528542,9.470885447421251e-15,0.798828125,0.353515625
3460,,0.2049120644439938,0.12087982622619892,0.9989711162053743,7.7581712755459e-15,0.77734375,0.3505859375
3470,,0.2023860397529749,0.11967081916255821,1.06892612616548,7.936793583462887e-15,0.810546875,0.330078125
3480,,0.20240510673661832,0.11164390689456158,1.0932490627485016,-6.06069014419397e-17,0.826171875,0.3525390625
3490,,0.20228859662796364,0.10865823857516846,1.085471070953537,6.52554182564713e-15,0.80859375,0.341796875
3500,,0.2020459199802805,0.11158855884846519,1.2107006314321382,1.424896442156487e-14,0.7890625,0.3740234375
3510,,0.20176294756692187,0.1111366289939936,1.122110815867476,1.73937470329677e-14,0.806640625,0.3544921875
3520,,0.20273308472603463,0.11868668421514084,1.1293912743943568,2.007053377661716e-14,0.8046875,0.3388671875
3530,,0.20392243619252426,0.11236615895554275,1.0916846216987133,3.579168211809147e-14,0.779296875,0.345703125
3540,,0.20321394099877366,0.10991062158547506,1.1086876695239585,1.6210123521265274e-14,0.796875,0.349609375
3550,,0.2027642642209098,0.11496153717814048,1.0794253616721587,3.0897485091274657e-14,0.794921875,0.392578125
3560,,0.20327058908825796,0.11699473889819516,1.043481641719427,3.1488998691528436e-14,0.76953125,0.3603515625
3570,,0.2045552969173907,0.11979568705442022,0.9897685909044491,1.7608676561135794e-14,0.79296875,0.3642578125
3580,,0.20366480695135197,0.12171600372515402,1.0153637952653063,3.4344407743094885e-14,0.794921875,0.36328125
3590,,0.2022223732778445,0.12083300098231642,1.0116224838530707,3.641021945749445e-14,0.794921875,0.3544921875
3600,,0.2020882322543987,0.12345759538410918,1.0102091145101653,2.6732983231594898e-14,0.8046875,0.3486328125
3610,,0.20244295935272913,0.11973984570052189,1.0887701770222433,2.9481842314660334e-14,0.791015625,0.365234375
3620,,0.2035020080154764,0.11600846032219161,1.0673125283715112,3.130709667203968e-14,0.794921875,0.3779296875
3630,,0.19941792049522172,0.11835286682927343,1.059951196006067,3.8963623993915064e-14,0.80078125,0.353515625
3640,,0.20284663864721714,0.11960675507580928,1.0882104955235077,3.6392045518578164e-14,0.78125,0.3408203125
3650,,0.20029959025874453,0.1199910140822228,1.081779556141826,3.376357353424009e-14,0.8125,0.3427734375
3660,,0.19989791045074187,0.12343447062272139,1.076212905908159,3.9359249366655025e-14,0.798828125,0.3759765625
3670,,0.20163685554120186,0.1252533278650578,1.0693215911336411,4.81138024387151e-14,0.79296875,0.345703125
3680,,0.20194557507436145,0.12486695693381988,1.0657082195126317,4.540546541184631e-14,0.794921875,0.3671875
3690,,0.20401993017909886,0.1204791386796442,1.131463792049289,3.367054898784083e-14,0.81640625,0.3681640625
3700,,0.20123083669745737,0.12046080178892106,1.0702724253202296,4.0314323060397506e-14,0.787109375,0.36328125
3710,,0.20168080293326235,0.11754592123858792,0.9987622252507621,4.134702562968995e-14,0.78125,0.3701171875
3720,,0.20181384268498553,0.11400413549918473,1.0144979933986842,2.6965409072321478e-14,0.814453125,0.333984375
3730,,0.20291749140721585,0.11976366062820737,1.0854280458565873,2.6537257634406952e-14,0.806640625,0.359375
3740,,0.20007126890533028,0.11694252491693237,1.0054689088636546,2.7654311132718767e-14,0.78125,0.3642578125
3750,,0.2022414714901294,0.12445885626199403,1.0266825002970632,2.4926133206093493e-14,0.82421875,0.3515625
3760,,0.1990363361343094,0.12018785014438642,1.044143514728345,2.537889603332344e-14,0.779296875,0.345703125
3770,,0.20004632827538704,0.12548145025120036,0.9898830954290156,3.064557071649765e-14,0.8046875,0.357421875
3780,,0.20208699652314535,0.12566716037526757,0.9435235725614693,3.537881793080899e-14,0.798828125,0.345703125
3790,,0.19973544123837328,0.12566951823866915,1.002579035137554,1.8769003278656937e-14,0.767578125,0.3681640625
3800,,0.20039626541580563,0.12848608791866112,0.930578789581131,3.0223788966346476e-14,0.80859375,0.34765625
3810,,0.201443535717364,0.12614894271903493,1.0363719751652702,2.405356729767716e-14,0.796875,0.3505859375
3820,,0.2009660286630092,0.1291615983574015,1.012941183509966,2.8890464239678115e-14,0.7890625,0.3642578125
3830,,0.20116950655774724,0.1299251008397181,1.044967105825566,1.6180741642390917e-14,0.80078125,0.361328125
3840,,0.19935986347890403,0.12832750577570598,1.1389882712028896,3.00938744410284e-14,0.80859375,0.3525390625
3850,,0.2029601367139712,0.12290536356174739,1.086267236867245,2.4463558349202552e-14,0.798828125,0.3447265625
3860,,0.2033019927263821,0.12324717763538923,0.9661203882825824,1.9506206545838456e-14,0.79296875,0.3212890625
3870,,0.20426470931816826,0.12097681089415466,1.0422147427108779,2.0921524061801033e-14,0.822265625,0.3330078125
3880,,0.20455603343916715,0.12097314240884034,1.0819488307746739,1.0884685080342349e-14,0.759765625,0.3544921875
3890,,0.20371692295432037,0.1186643712448698,1.047661462054874,8.134877320375988e-15,0.787109375,0.34375
3900,,0.20488685127615677,0.11997734965206021,0.9914246925718073,2.332726026232912e-14,0.76171875,0.3369140625
3910,,0.20217680204015184,0.11956515892087033,0.9891267463954063,2.6791774094397924e-14,0.76953125,0.3203125
3920,,0.20204236588511185,0.11511376455701573,0.9331379668862452,2.967976342124756e-14,0.77734375,0.3564453125
3930,,0.20112798751998306,0.11354180338251045,0.9340493407152999,2.7678272000730697e-14,0.77734375,0.3564453125
3940,,0.19889483035284847,0.11012636546832442,1.0127617190387608,1.6901092342053864e-14,0.802734375,0.3466796875
3950,,0.20132064142535797,0.10737504418435377,0.9634292304459153,2.1618096852568658e-14,0.779296875,0.3525390625
3960,,0.20088884886065878,0.10482088737849385,0.9906105912179056,2.6540347610598536e-14,0.794921875,0.3427734375
3970,,0.20324783978505445,0.10543506901020205,1.0014488065678921,1.92145426089127e-14,0.8125,0.33984375
3980,,0.2056815437581393,0.11037816755132329,1.0923098539785272,2.0965000568917702e-14,0.810546875,0.32421875
3990,,0.20756206020976736,0.10729563652279578,1.0930736639150835,2.2944021899409806e-14,0.8046875,0.373046875
4000,,0.20348512589307824,0.10289403796313946,0.9907358550759204,1.2393406613464553e-14,0.80078125,0.34765625
4010,,0.20388530877838032,0.10392391384200564,1.0103172344440972,6.571457787651891e-15,0.802734375,0.3447265625
4020,,0.20529081537427174,0.09927754254777058,0.9957564850706954,1.258164443939877e-14,0.8125,0.359375
4030,,0.2066040750586686,0.10243654585058727,1.045435122667874,2.7862857420596354e-14,0.791015625,0.32421875
4040,,0.20200982773548956,0.10331866427061702,1.099412432428634,2.992967202200547e-14,0.81640625,0.341796875
4050,,0.20102174221769614,0.10603060986470275,1.0412995246626746,2.877337040504968e-14,0.7890625,0.34375
4060,,0.20129971358859158,0.10502071380374461,1.0856829392494942,3.429971150853417e-14,0.80078125,0.3330078125
4070,,0.20242559265170038,0.10667215427148917,1.1167538926573655,3.473252501579038e-14,0.77734375,0.3505859375
4080,,0.204993656315651,0.10619210497149927,1.0041785541982347,3.421552320984067e-14,0.767578125,0.333984375
4090,,0.2027937616333861,0.1048666675068259,1.036482939749894,3.645835803395281e-14,0.78125,0.3408203125
4100,,0.20342277101545464,0.10430538434982399,1.0131186641185992,3.246665089551293e-14,0.806640625,0.35546875
4110,,0.20001331496326233,0.10622410972368153,0.9968178861780601,2.716121598467236e-14,0.79296875,0.3447265625
4120,,0.20279593236002005,0.10461418626453198,0.9837434548419096,3.534862290030527e-14,0.81640625,0.3525390625
4130,,0.20452337659170367,0.10019448949430537,0.9744498548237851,4.775086576147558e-14,0.8359375,0.353515625
4140,,0.20360970521458385,0.10284354976553589,1.0670287183808491,3.8082384468118846e-14,0.78515625,0.3623046875
4150,,0.20503766116138308,0.10755369087259274,1.0919682956560717,3.2686635516310236e-14,0.7890625,0.380859375
4160,,0.20434568065449432,0.10406434235517474,1.026059273652513,1.3580336941793059e-14,0.783203125,0.34765625
4170,,0.2049432115575272,0.1048454711441216,0.9602061210867546,3.298343586102814e-14,0.76953125,0.3564453125
4180,,0.2042957643751798,0.10360183066455005,1.0389291189215657,9.931779790944839e-15,0.78515625,0.36328125
4190,,0.2073131991098839,0.10131499694663279,1.1290930449358778,4.766803271549769e-15,0.806640625,0.3349609375
4200,,0.20373315859464441,0.10494926909845972,0.9910957293079732,3.028393508186511e-15,0.806640625,0.359375
4210,,0.20399949952440088,0.10386871721617322,1.0258830625363782,-8.712648658093514e-16,0.779296875,0.376953125
4220,,0.20570126591556834,0.10626313909960289,1.0451817955908012,1.0302522723826257e-14,0.765625,0.3564453125
4230,,0.20193697940028602,0.1055743416366123,1.0572703322862977,-9.215718466126788e-19,0.796875,0.3310546875
4240,,0.1995135065083802,0.09962130249349545,1.0310002179991022,4.790005198040959e-16,0.810546875,0.3701171875
4250,,0.1997758011299899,0.10284320248194445,1.057038416041643,-1.8841400878724657e-14,0.76171875,0.33203125
4260,,0.19850288079395598,0.10303556080879021,1.063741122475236,-1.6795050593321204e-14,0.796875,0.3544921875
4270,,0.20069170384566506,0.1022669011201851,1.1397383658026972,-9.55735057067697e-15,0.787109375,0.3466796875
4280,,0.20209198596114308,0.09872926188401558,1.154731063206048,-1.299009727909195e-14,0.791015625,0.3818359375
4290,,0.20179964110063422,0.10029216067507363,1.0813077966160531,-1.821719858297044e-14,0.791015625,0.361328125
4300,,0.20384150881458052,0.09957466513884153,1.023639887114933,-2.5481190508297447e-14,0.787109375,0.3388671875
4310,,0.20243272821098734,0.10046392021869265,1.0763681245954808,-1.8907943787060955e-14,0.79296875,0.3603515625
4320,,0.20401578978802673,0.10350806002954659,0.966749359325072,-2.978899679012548e-14,0.802734375,0.37109375
4330,,0.20356455515299834,0.10278010171697646,1.0425135164037869,-3.21432333874605e-14,0.783203125,0.3388671875
4340,,0.20165896018560273,0.1023016622323985,1.107412767585389,-1.7703693329026993e-14,0.7734375,0.3486328125
4350,,0.20047708976368162,0.10394122649496967,1.0897453660123682,-2.222397613160787e-14,0.798828125,0.359375
4360,,0.20323147023598695,0.10637618855333227,1.0949662131483366,-2.840132642956128e-14,0.822265625,0.35546875
4370,,0.2005076177425256,0.10414974180175753,1.1755595325939854,-1.259485137711236e-14,0.796875,0.3515625
4380,,0.20317387898292294,0.10227936043781805,1.1113285106588593,-2.2793643058086066e-14,0.806640625,0.34765625
4390,,0.19991741768844054,0.09920779032242824,1.1023769650510518,-3.16608718409217e-15,0.787109375,0.365234375
4400,,0.2004529508795091,0.10403718450379275,1.0573092448840269,-2.4075088710800996e-14,0.802734375,0.33203125
4410,,0.1991925060230836,0.1054335627895643,1.145435315619283,-9.5616602743126e-15,0.76953125,0.369140625
4420,,0.20191339043558593,0.10617837894614701,1.0658810367545768,-7.111891913054447e-15,0.76953125,0.3671875
4430,,0.2025607365635555,0.10583722947177615,1.0144359672817354,6.7179335011546826e-15,0.783203125,0.3466796875
4440,,0.20083223641065134,0.10724082929190001,1.0414756289239508,-1.4075207470896911e-14,0.787109375,0.34375
4450,,0.20203943765195878,0.10837284997730685,1.0743469859320105,-8.099966010421955e-15,0.794921875,0.369140625
4460,,0.20202283610534214,0.10344453850030806,1.098717257672089,1.0408639011458276e-14,0.78125,0.33984375
4470,,0.20052699370578211,0.1012870524895283,1.0721678079493262,1.5797367754200042e-14,0.791015625,0.3349609375
4480,,0.20297614919703455,0.10421403242690018,1.067886454731564,-1.055058818089094e-14,0.767578125,0.3662109375
4490,,0.20171153331992153,0.10430728493873984,1.1994338072908683,-1.879274730623437e-14,0.810546875,0.3388671875
4500,,0.20122379190519987,0.10452265648285629,1.121122583818328,-6.825974247642863e-15,0.78515625,0.3740234375
4510,,0.2028880201141035,0.10117733311889669,1.131424278558661,-9.619366934943141e-15,0.7734375,0.353515625
4520,,0.2052798376669746,0.10033386810668801,1.0767453717036581,-3.838102795652998e-15,0.794921875,0.3369140625
4530,,0.20517880178166592,0.09687361135513044,1.0301622253587068,-2.0079424234431542e-16,0.7734375,0.3505859375
4540,,0.2029422811947162,0.09782479078285236,1.0349676224964268,-7.779774003832673e-15,0.787109375,0.3759765625
4550,,0.20162498561204,0.10549554878301667,1.069868012709589,-1.4794426534542326e-14,0.8125,0.3583984375
4560,,0.20301417291814178,0.1057343476429786,1.0656865079572861,-5.87949285611733e-15,0.763671875,0.3544921875
4570,,0.1995254549369555,0.10223678575526506,1.05390217733434,-1.0921168483446486e-14,0.76953125,0.369140625
4580,,0.20236985241921052,0.10412207027274693,0.9957248480587992,-1.5769666388693038e-14,0.810546875,0.34375
4590,,0.2011742364416038,0.10428481537642928,1.0954166560428102,-2.2308449033371647e-14,0.767578125,0.3603515625
4600,,0.20025384099966112,0.10671296994354885,1.1227673044792552,-1.8683026046378837e-14,0.787109375,0.3466796875
4610,,0.2019165037133669,0.10917258715258168,1.1414782656753983,-2.7510654344864438e-14,0.8125,0.3564453125
4620,,0.2032097281100714,0.10949767679335166,1.1192307722562536,-2.225997164373439e-14,0.79296875,0.3662109375
4630,,0.2040543424270569,0.10913919543195849,1.112710100116703,-3.169930680793631e-14,0.775390625,0.3525390625
4640,,0.20334123895748005,0.10475321580032775,1.1893604978471068,-3.1817268004302734e-14,0.80859375,0.37890625
4650,,0.20393778593235645,0.10288184317097,1.0757130876550147,-1.7818483234038895e-14,0.80859375,0.3759765625
4660,,0.2024467386608473,0.09561800395255016,1.1300057542789528,-2.261846309206672e-14,0.783203125,0.3662109375
4670,,0.20254364290059973,0.09444070653986225,1.162492128484766,-1.442609595149469e-14,0.8046875,0.34765625
4680,,0.20015129720727043,0.09617546708637872,1.0639161827024628,-2.6112792483878877e-14,0.798828125,0.359375
4690,,0.20184722162702412,0.09836513683621116,1.1200280541851089,-1.7573778803708917e-14,0.791015625,0.349609375
4700,,0.20117780772671154,0.09341729610648945,1.105312400603304,-2.6041668821363828e-14,0.802734375,0.3408203125
4710,,0.20006282240807036,0.09218163862874473,1.0564156449533368,-1.101885509918743e-14,0.794921875,0.3427734375
4720,,0.20103811191211737,0.0959405024241897,1.1512103899039567,-1.1546753136970622e-14,0.783203125,0.3544921875
4730,,0.20233904502085862,0.09506825945004943,1.1742027599217788,-1.5963142266373076e-14,0.765625,0.3623046875
4740,,0.2006458041376176,0.0921393848346719,1.2102138794874773,-2.1174414218533277e-14,0.814453125,0.361328125
4750,,0.20246741769900634,0.09216741409020768,1.143086849015652,2.2784508654782876e-15,0.80859375,0.3427734375
4760,,0.20029707066843835,0.08760548769898278,1.1766037443025887,3.961674738262033e-15,0.779296875,0.3427734375
4770,,0.20121337919055918,0.08884905181156934,1.2343344997793717,-5.479883040393485e-15,0.78515625,0.3486328125
4780,,0.20338078553019753,0.08738349638644373,1.1965411619755777,-1.1732395653954453e-14,0.787109375,0.33203125
4790,,0.20104949854472384,0.08551911761171666,1.1969751900596184,-8.642554987642326e-15,0.78515625,0.353515625
4800,,0.19779434831530257,0.088679080086649,1.161263229466605,-1.9879985244802834e-14,0.796875,0.3779296875
4810,,0.19674859548815102,0.08859687304398263,1.1314788046014868,-1.699725429848975e-14,0.814453125,0.3603515625
4820,,0.19627543699366531,0.09031495442104029,1.1874100451587861,-2.0244277174757963e-14,0.78125,0.37109375
4830,,0.19575560866260328,0.0918507284226958,1.1937028667208156,-1.580861635173958e-14,0.78515625,0.3427734375
4840,,0.19537816190939256,0.09248800434765618,1.262698074565677,-1.0954019809272797e-14,0.806640625,0.3310546875
4850,,0.19971512890268525,0.08910339515979175,1.1994951083626357,-6.005829514266203e-15,0.818359375,0.35546875
4860,,0.20007019546955548,0.09692754368256352,1.1393116822336846,5.234799139303137e-15,0.779296875,0.36328125
4870,,0.20173323155884315,0.09495393259182612,1.2537941937798176,-5.1035564663237665e-15,0.796875,0.365234375
4880,,0.20228530859688845,0.0992684399755697,1.0672638111115724,-6.271702992013961e-15,0.765625,0.3564453125
4890,,0.20225390408247526,0.1006524133768396,1.0866753361905022,-2.873596543009893e-15,0.787109375,0.34765625
4900,,0.20123438645552041,0.09932370882616269,1.2086495318620734,3.0338687291575628e-15,0.78515625,0.3603515625
4910,,0.199595098301884,0.09757989206568138,1.0946451555726249,7.83425516300007e-15,0.853515625,0.3388671875
4920,,0.19948219350039334,0.09871924759562699,1.1416414317225576,1.1978428231945726e-14,0.80078125,0.32421875
4930,,0.20005432525454334,0.10241898241679694,1.128756050293884,1.2934315077317571e-14,0.81640625,0.3515625
4940,,0.20501922182156687,0.09787699289396068,1.0283716051294784,6.789572159701662e-15,0.818359375,0.3408203125
4950,,0.2024670552379992,0.09808586407082154,1.1173492367043298,3.069959108974174e-15,0.787109375,0.3671875
4960,,0.20243532738743505,0.1024132708816154,1.1102254495369899,7.865344660296092e-16,0.76953125,0.341796875
4970,,0.2017262917595082,0.10398392803941758,1.0838321283294852,-4.0326357704512095e-15,0.8125,0.353515625
4980,,0.1997601951155339,0.10374035916214894,1.0942405052613302,-4.545707343525662e-15,0.80859375,0.3583984375
4990,,0.19976736171898815,0.10158277372054329,1.0704374983413938,3.403419039649247e-15,0.787109375,0.3369140625
5000,,0.20307153966274452,0.10478312976601399,1.0364970907870108,-2.092564403005648e-15,0.783203125,0.3388671875
